epoch,time,train/loss,metrics/accuracy_top1,metrics/accuracy_top5,val/loss,lr/pg0,lr/pg1,lr/pg2
1,57.6783,0.64418,0.65109,1,0.61829,0.0670648,0.000332678,0.000332678
2,111.865,0.58483,0.6833,1,0.5737,0.0340582,0.000659418,0.000659418
3,158.318,0.57956,0.68158,1,0.58685,0.00104505,0.000979558,0.000979558
4,202.489,0.57183,0.68355,1,0.61594,0.0009703,0.0009703,0.0009703
5,247.809,0.54638,0.68994,1,0.58898,0.0009604,0.0009604,0.0009604
6,293.832,0.53636,0.71625,1,0.55139,0.0009505,0.0009505,0.0009505
7,339.114,0.51885,0.70789,1,0.54405,0.0009406,0.0009406,0.0009406
8,387.047,0.50597,0.74477,1,0.49892,0.0009307,0.0009307,0.0009307
9,437.355,0.49854,0.72928,1,0.51865,0.0009208,0.0009208,0.0009208
10,488.817,0.48181,0.74896,1,0.49561,0.0009109,0.0009109,0.0009109
11,540.75,0.47765,0.75387,1,0.51736,0.000901,0.000901,0.000901
12,592.321,0.4696,0.75338,1,0.48669,0.0008911,0.0008911,0.0008911
13,642.178,0.46308,0.73887,1,0.4987,0.0008812,0.0008812,0.0008812
14,702.494,0.45102,0.76051,1,0.48111,0.0008713,0.0008713,0.0008713
15,754.776,0.44083,0.75559,1,0.49155,0.0008614,0.0008614,0.0008614
16,809.432,0.43743,0.76543,1,0.47549,0.0008515,0.0008515,0.0008515
17,860.629,0.43539,0.77182,1,0.47565,0.0008416,0.0008416,0.0008416
18,911.732,0.42074,0.78092,1,0.43848,0.0008317,0.0008317,0.0008317
19,962.739,0.41673,0.78485,1,0.4528,0.0008218,0.0008218,0.0008218
20,1012.36,0.41021,0.77625,1,0.46406,0.0008119,0.0008119,0.0008119
21,1059.46,0.39737,0.78633,1,0.44,0.000802,0.000802,0.000802
22,1105.4,0.3826,0.79321,1,0.43666,0.0007921,0.0007921,0.0007921
23,1150.11,0.3794,0.79444,1,0.42282,0.0007822,0.0007822,0.0007822
24,1195.02,0.37851,0.79395,1,0.41817,0.0007723,0.0007723,0.0007723
25,1240.46,0.36275,0.80575,1,0.40629,0.0007624,0.0007624,0.0007624
26,1286.13,0.35459,0.80452,1,0.41234,0.0007525,0.0007525,0.0007525
27,1332.19,0.35133,0.79272,1,0.42058,0.0007426,0.0007426,0.0007426
28,1378.02,0.343,0.80674,1,0.41309,0.0007327,0.0007327,0.0007327
29,1423.61,0.32936,0.80403,1,0.41533,0.0007228,0.0007228,0.0007228
30,1469.8,0.3206,0.80944,1,0.41036,0.0007129,0.0007129,0.0007129
31,1516.16,0.31825,0.81534,1,0.40989,0.000703,0.000703,0.000703
32,1562.22,0.31448,0.80379,1,0.42432,0.0006931,0.0006931,0.0006931
33,1608.21,0.30525,0.81141,1,0.41109,0.0006832,0.0006832,0.0006832
34,1655.13,0.29932,0.81313,1,0.41279,0.0006733,0.0006733,0.0006733
35,1701.72,0.28959,0.81141,1,0.4188,0.0006634,0.0006634,0.0006634
36,1747.91,0.27862,0.81928,1,0.40915,0.0006535,0.0006535,0.0006535
37,1794.37,0.28,0.82051,1,0.41434,0.0006436,0.0006436,0.0006436
38,1841.26,0.26929,0.81756,1,0.4201,0.0006337,0.0006337,0.0006337
39,1888.42,0.26143,0.82641,1,0.4217,0.0006238,0.0006238,0.0006238
40,1936.09,0.25833,0.82001,1,0.42477,0.0006139,0.0006139,0.0006139
41,1983.57,0.26058,0.82124,1,0.42183,0.000604,0.000604,0.000604
42,2030.6,0.24334,0.82395,1,0.4225,0.0005941,0.0005941,0.0005941
43,2077.01,0.24527,0.82739,1,0.41911,0.0005842,0.0005842,0.0005842
44,2123.8,0.23157,0.82469,1,0.41986,0.0005743,0.0005743,0.0005743
45,2170.6,0.22631,0.82419,1,0.42549,0.0005644,0.0005644,0.0005644
46,2217.79,0.22268,0.82297,1,0.43046,0.0005545,0.0005545,0.0005545
47,2265.32,0.21192,0.8269,1,0.43102,0.0005446,0.0005446,0.0005446
48,2317.42,0.21029,0.8296,1,0.42766,0.0005347,0.0005347,0.0005347
49,2368.65,0.20885,0.83329,1,0.43312,0.0005248,0.0005248,0.0005248
50,2418.98,0.20463,0.83108,1,0.43224,0.0005149,0.0005149,0.0005149
51,2469.03,0.20313,0.82862,1,0.4309,0.000505,0.000505,0.000505
52,2519.72,0.19159,0.83182,1,0.43139,0.0004951,0.0004951,0.0004951
53,2570.99,0.18529,0.83182,1,0.4327,0.0004852,0.0004852,0.0004852
54,2623.58,0.18875,0.83255,1,0.43936,0.0004753,0.0004753,0.0004753
55,2679.14,0.17383,0.83452,1,0.44239,0.0004654,0.0004654,0.0004654
56,2736.04,0.17195,0.83329,1,0.44932,0.0004555,0.0004555,0.0004555
57,2794.58,0.17491,0.83428,1,0.44862,0.0004456,0.0004456,0.0004456
58,2852.07,0.17002,0.83428,1,0.4509,0.0004357,0.0004357,0.0004357
59,2904.36,0.16733,0.83551,1,0.45401,0.0004258,0.0004258,0.0004258
60,2955.41,0.15625,0.83403,1,0.45915,0.0004159,0.0004159,0.0004159
61,3005.74,0.1634,0.83378,1,0.45833,0.000406,0.000406,0.000406
62,3056.22,0.14803,0.83354,1,0.46306,0.0003961,0.0003961,0.0003961
63,3107.96,0.15049,0.83354,1,0.46412,0.0003862,0.0003862,0.0003862
64,3161.03,0.14664,0.83428,1,0.46641,0.0003763,0.0003763,0.0003763
65,3218.87,0.15363,0.83403,1,0.46396,0.0003664,0.0003664,0.0003664
66,3278.45,0.13578,0.83428,1,0.46605,0.0003565,0.0003565,0.0003565
67,3340.1,0.13699,0.83329,1,0.46708,0.0003466,0.0003466,0.0003466
68,3402.8,0.13212,0.83378,1,0.46799,0.0003367,0.0003367,0.0003367
69,3465.64,0.13382,0.83354,1,0.46979,0.0003268,0.0003268,0.0003268
70,3531.01,0.1326,0.83354,1,0.46836,0.0003169,0.0003169,0.0003169
71,3598.1,0.1312,0.83378,1,0.47133,0.000307,0.000307,0.000307
72,3665.41,0.12846,0.83354,1,0.46796,0.0002971,0.0002971,0.0002971
73,3731.07,0.12307,0.83501,1,0.47123,0.0002872,0.0002872,0.0002872
74,3798.74,0.11744,0.83526,1,0.47446,0.0002773,0.0002773,0.0002773
